{
  "Logistic Regression": {
    "accuracy": 0.7780987511666149,
    "precision": 0.07558261599832039,
    "recall": 0.37894736842105264,
    "f1_score": 0.12602835638018553,
    "auc_roc": 0.6300937067274934,
    "auc_pr": 0.06964080299562928,
    "train_time_sec": 1.38,
    "optimal_threshold": 0.060000000000000005
  },
  "Random Forest": {
    "accuracy": 0.8222745655748633,
    "precision": 0.0768803774632251,
    "recall": 0.29157894736842105,
    "f1_score": 0.12167801449593675,
    "auc_roc": 0.6209516227113653,
    "auc_pr": 0.06444317571909898,
    "train_time_sec": 3.14,
    "optimal_threshold": 0.14
  },
  "XGBoost": {
    "accuracy": 0.8204968668059197,
    "precision": 0.07603623387318144,
    "recall": 0.29157894736842105,
    "f1_score": 0.12061833224472022,
    "auc_roc": 0.6347394552456962,
    "auc_pr": 0.06917213797506994,
    "train_time_sec": 0.89,
    "optimal_threshold": 0.08000000000000002
  },
  "MLP": {
    "accuracy": 0.7658326296609039,
    "precision": 0.07093184979137691,
    "recall": 0.3757894736842105,
    "f1_score": 0.11933812468661206,
    "auc_roc": 0.6375405708368643,
    "auc_pr": 0.06627405881194195,
    "train_time_sec": 81.49,
    "optimal_threshold": 0.05
  },
  "1D-CNN (Ours)": {
    "accuracy": 0.7486333940713746,
    "precision": 0.0712463556851312,
    "recall": 0.41157894736842104,
    "f1_score": 0.12146629388008698,
    "auc_roc": 0.6347081219823723,
    "auc_pr": 0.07040374207126429,
    "train_time_sec": 54.49,
    "optimal_threshold": 0.05
  }
}