top_n_reviewed,fraud_cases_found,review_precision,precision_lift_over_test_base_rate,share_of_all_test_fraud_captured,mean_predicted_probability
30,5,0.16666666666666666,4.00320256204964,0.0040032025620496394,0.7654750026611399
100,12,0.12,2.8823058446757406,0.009607686148919135,0.7566750332082713
500,47,0.094,2.257806244995997,0.03763010408326661,0.7366535762922451
1000,92,0.092,2.2097678142514012,0.07365892714171338,0.7216095168639
