feature_set,model,threshold_type,threshold,validation_PR_AUC,validation_ROC_AUC,validation_precision,validation_recall,validation_F1,test_PR_AUC,test_ROC_AUC,test_precision,test_recall,test_F1
integrated,Logistic Regression,validation_tuned_F1,0.575212341046738,0.07082299537111245,0.626632944175526,0.07943159045363454,0.3385093167701863,0.1286705028646275,0.06945680517617689,0.6328154172323982,0.07560627674750357,0.29703763010408324,0.12053281351526965
transaction_only,Logistic Regression,validation_tuned_F1,0.5722882122146697,0.07086542987781252,0.6304454907939891,0.07887049659201557,0.3144409937888199,0.12610929440145782,0.07022362871215418,0.6339556845991559,0.07657095297544736,0.2946357085668535,0.12155243600330305
